voltage,sample_index
6.82007,0
6.81213,1
6.8158,2
6.82983,3
6.8158,4
6.81335,5
6.828,6
6.828,7
6.82312,8

