TIME(s),V
0.0,-0.008940105237406293
8.333333333333333e-05,-0.0074605884368708075
0.00016666666666666666,-0.010255231256764308
0.00025,-0.008446932973944943
0.0003333333333333333,-0.00959766825009245
0.00041666666666666664,-0.009268886744500993
0.0005,-0.011241575755499778
0.0005833333333333333,-0.006309853126505782
0.0006666666666666666,-0.008611323728808351
